序号,链接,节点数
0,https://18S3RL.mcsslk.xyz/4dd10f78be94fd746b513e0c0b2e7991,0
1,https://7tadtv.absslk.xyz/39483fa11845d1c8422447a4f8f30a0b,0
2,https://gist.githubusercontent.com/peasoft/40b87245630092f30cc98af61190b4e2/raw/,10
3,https://raw.githubusercontent.com/Alvin9999/pac2/master/clash.meta2/1/config.yaml,0
4,https://raw.githubusercontent.com/Alvin9999/pac2/master/clash.meta2/13/config.yaml,0
5,https://raw.githubusercontent.com/Alvin9999/pac2/master/clash.meta2/15/config.yaml,0
6,https://raw.githubusercontent.com/Alvin9999/pac2/master/clash.meta2/2/config.yaml,0
7,https://raw.githubusercontent.com/Alvin9999/pac2/master/clash.meta2/config.yaml,0
8,https://raw.githubusercontent.com/Huibq/TrojanLinks/master/links/vmess,0
9,https://raw.githubusercontent.com/Misaka-blog/chromego_merge/refs/heads/main/sub/merged_proxies_new.yaml,0
10,https://raw.githubusercontent.com/Surfboardv2ray/TGParse/main/python/hy2,16
11,https://raw.githubusercontent.com/Surfboardv2ray/TGParse/main/python/hysteria2,43
12,https://raw.githubusercontent.com/ripaojiedian/freenode/main/clash,14
13,https://raw.githubusercontent.com/ripaojiedian/freenode/main/sub,14
14,https://raw.githubusercontent.com/zhangkaiitugithub/passcro/main/speednodes.yaml,9

总计,,62
